user_input,retrieved_contexts,response,reference,nv_context_relevance,context_precision,faithfulness,answer_relevancy,context_recall
What vegetarian pizza options are available?,"['Category: Pizzas\n            Item: Veggie Supreme\n            Description: Loaded with bell peppers, onions, olives, mushrooms, and mozzarella cheese.\n            Type: Veg\n            Calories: 810\n            Price: $13.50\n            \n            This Veggie Supreme is a veg item from our pizzas menu.\n            Loaded with bell peppers, onions, olives, mushrooms, and mozzarella cheese.\n            It contains 810 calories and costs $13.50.', 'Category: Pizzas\n            Item: Margherita\n            Description: Classic pizza with fresh mozzarella, tomato sauce, and basil on a thin crust.\n            Type: Veg\n            Calories: 720\n            Price: $12.50\n            \n            This Margherita is a veg item from our pizzas menu.\n            Classic pizza with fresh mozzarella, tomato sauce, and basil on a thin crust.\n            It contains 720 calories and costs $12.50.', 'Category: Pizzas\n            Item: BBQ Chicken\n            Description: Tangy BBQ sauce base, grilled chicken strips, red onions, and cilantro.\n            Type: Non-Veg\n            Calories: 980\n            Price: $15.50\n            \n            This BBQ Chicken is a non-veg item from our pizzas menu.\n            Tangy BBQ sauce base, grilled chicken strips, red onions, and cilantro.\n            It contains 980 calories and costs $15.50.']","Vegetarian pizza options available:

- Veggie Supreme – a veggie pizza loaded with bell peppers, onions, olives, mushrooms, and mozzarella cheese.  
- Margherita – a classic veggie pizza with fresh mozzarella, tomato sauce, and basil on a thin crust.",The vegetarian pizza options are the Margherita and the Veggie Supreme.,1.0,0.0,1.0,0.9999774203539668,1.0
How much does the BBQ Chicken pizza cost?,"['Category: Pizzas\n            Item: BBQ Chicken\n            Description: Tangy BBQ sauce base, grilled chicken strips, red onions, and cilantro.\n            Type: Non-Veg\n            Calories: 980\n            Price: $15.50\n            \n            This BBQ Chicken is a non-veg item from our pizzas menu.\n            Tangy BBQ sauce base, grilled chicken strips, red onions, and cilantro.\n            It contains 980 calories and costs $15.50.', 'Category: Pizzas\n            Item: Margherita\n            Description: Classic pizza with fresh mozzarella, tomato sauce, and basil on a thin crust.\n            Type: Veg\n            Calories: 720\n            Price: $12.50\n            \n            This Margherita is a veg item from our pizzas menu.\n            Classic pizza with fresh mozzarella, tomato sauce, and basil on a thin crust.\n            It contains 720 calories and costs $12.50.', 'Category: Pizzas\n            Item: Hawaiian\n            Description: A tropical delight featuring ham, pineapple chunks, and a cheesy base.\n            Type: Non-Veg\n            Calories: 890\n            Price: $14.50\n            \n            This Hawaiian is a non-veg item from our pizzas menu.\n            A tropical delight featuring ham, pineapple chunks, and a cheesy base.\n            It contains 890 calories and costs $14.50.']",$15.50,The BBQ Chicken pizza costs $15.50.,1.0,0.9999999999,1.0,0.7160905569686223,1.0
What are the ingredients in the Classic Club sandwich?,"['Category: Sandwiches\n            Item: Classic Club\n            Description: Triple-decker sandwich with turkey, bacon, lettuce, tomato, and mayonnaise.\n            Type: Non-Veg\n            Calories: 850\n            Price: $13.00\n            \n            This Classic Club is a non-veg item from our sandwiches menu.\n            Triple-decker sandwich with turkey, bacon, lettuce, tomato, and mayonnaise.\n            It contains 850 calories and costs $13.00.', 'Category: Sandwiches\n            Item: Tuna Melt\n            Description: Classic sandwich with tuna salad and melted cheddar cheese on toasted rye bread.\n            Type: Non-Veg\n            Calories: 750\n            Price: $12.50\n            \n            This Tuna Melt is a non-veg item from our sandwiches menu.\n            Classic sandwich with tuna salad and melted cheddar cheese on toasted rye bread.\n            It contains 750 calories and costs $12.50.', 'Category: Sandwiches\n            Item: Caprese Panini\n            Description: Toasted panini with fresh mozzarella, tomatoes, basil pesto, and balsamic glaze.\n            Type: Veg\n            Calories: 650\n            Price: $11.50\n            \n            This Caprese Panini is a veg item from our sandwiches menu.\n            Toasted panini with fresh mozzarella, tomatoes, basil pesto, and balsamic glaze.\n            It contains 650 calories and costs $11.50.']","Turkey, bacon, lettuce, tomato, and mayonnaise.","The Classic Club sandwich contains turkey, bacon, lettuce, tomato, and mayonnaise.",1.0,0.9999999999,1.0,0.8329694884024615,1.0
Which beverages are non-alcoholic?,"['Category: Beverages\n            Item: Green Smoothie\n            Description: A healthy mix of spinach, banana, mango, and almond milk.\n            Type: Veg\n            Calories: 280\n            Price: $6.00\n            \n            This Green Smoothie is a veg item from our beverages menu.\n            A healthy mix of spinach, banana, mango, and almond milk.\n            It contains 280 calories and costs $6.00.', 'Category: Beverages\n            Item: Mango Lassi\n            Description: Traditional Indian yogurt-based drink blended with sweet mango pulp.\n            Type: Veg\n            Calories: 320\n            Price: $5.00\n            \n            This Mango Lassi is a veg item from our beverages menu.\n            Traditional Indian yogurt-based drink blended with sweet mango pulp.\n            It contains 320 calories and costs $5.00.', 'Category: Beverages\n            Item: Iced Mocha\n            Description: A rich blend of espresso, chocolate syrup, and cold milk, topped with whipped cream.\n            Type: Veg\n            Calories: 350\n            Price: $5.50\n            \n            This Iced Mocha is a veg item from our beverages menu.\n            A rich blend of espresso, chocolate syrup, and cold milk, topped with whipped cream.\n            It contains 350 calories and costs $5.50.']","All of the beverages listed—Green Smoothie, Mango Lassi, and Iced Mocha—are non‑alcoholic.","The non-alcoholic beverages are Classic Lemonade, Green Smoothie, Mango Lassi, and Sparkling Water. The Iced Mocha can also be considered non-alcoholic.",0.0,0.49999999995,1.0,0.8080028528584752,0.0
What is the calorie count of the Quinoa Salad?,"['Category: Healthy Meals\n            Item: Quinoa Salad\n            Description: A vibrant salad with quinoa, chickpeas, cucumber, tomatoes, and a lemon-tahini dressing.\n            Type: Veg\n            Calories: 450\n            Price: $12.50\n            \n            This Quinoa Salad is a veg item from our healthy meals menu.\n            A vibrant salad with quinoa, chickpeas, cucumber, tomatoes, and a lemon-tahini dressing.\n            It contains 450 calories and costs $12.50.', 'Category: Healthy Meals\n            Item: Buddha Bowl\n            Description: A colorful bowl of roasted sweet potatoes, black beans, avocado, and mixed greens.\n            Type: Veg\n            Calories: 520\n            Price: $13.50\n            \n            This Buddha Bowl is a veg item from our healthy meals menu.\n            A colorful bowl of roasted sweet potatoes, black beans, avocado, and mixed greens.\n            It contains 520 calories and costs $13.50.', 'Category: Sandwiches\n            Item: Caprese Panini\n            Description: Toasted panini with fresh mozzarella, tomatoes, basil pesto, and balsamic glaze.\n            Type: Veg\n            Calories: 650\n            Price: $11.50\n            \n            This Caprese Panini is a veg item from our sandwiches menu.\n            Toasted panini with fresh mozzarella, tomatoes, basil pesto, and balsamic glaze.\n            It contains 650 calories and costs $11.50.']",450,The Quinoa Salad has 450 calories.,1.0,0.9999999999,1.0,0.6974913548797321,1.0
Is the Spicy Tofu Banh Mi vegan?,"['Category: Sandwiches\n            Item: Spicy Tofu Banh Mi\n            Description: Vietnamese-style sandwich with marinated spicy tofu, pickled carrots, and cilantro.\n            Type: Veg\n            Calories: 580\n            Price: $12.00\n            \n            This Spicy Tofu Banh Mi is a veg item from our sandwiches menu.\n            Vietnamese-style sandwich with marinated spicy tofu, pickled carrots, and cilantro.\n            It contains 580 calories and costs $12.00.', 'Category: Hotdogs\n            Item: Chili Cheese Dog\n            Description: A hearty hotdog smothered in beef chili and topped with melted cheddar cheese.\n            Type: Non-Veg\n            Calories: 680\n            Price: $10.50\n            \n            This Chili Cheese Dog is a non-veg item from our hotdogs menu.\n            A hearty hotdog smothered in beef chili and topped with melted cheddar cheese.\n            It contains 680 calories and costs $10.50.', 'Category: Healthy Meals\n            Item: Buddha Bowl\n            Description: A colorful bowl of roasted sweet potatoes, black beans, avocado, and mixed greens.\n            Type: Veg\n            Calories: 520\n            Price: $13.50\n            \n            This Buddha Bowl is a veg item from our healthy meals menu.\n            A colorful bowl of roasted sweet potatoes, black beans, avocado, and mixed greens.\n            It contains 520 calories and costs $13.50.']","No – the Spicy Tofu Banh Mi is listed as a vegetarian item, but the description does not state that it is vegan.","The Spicy Tofu Banh Mi is a vegetarian sandwich. The description does not explicitly state if it is vegan, but it contains marinated spicy tofu, pickled carrots, and cilantro.",1.0,0.9999999999,1.0,0.999980059378451,1.0
What's on the Chicago Dog?,"['Category: Hotdogs\n            Item: Chicago Dog\n            Description: All-beef hotdog with yellow mustard, chopped onions, relish, tomato slices, and a pickle.\n            Type: Non-Veg\n            Calories: 550\n            Price: $9.50\n            \n            This Chicago Dog is a non-veg item from our hotdogs menu.\n            All-beef hotdog with yellow mustard, chopped onions, relish, tomato slices, and a pickle.\n            It contains 550 calories and costs $9.50.', 'Category: Hotdogs\n            Item: Sonoran Dog\n            Description: Bacon-wrapped hotdog topped with pinto beans, onions, tomatoes, and mayonnaise.\n            Type: Non-Veg\n            Calories: 620\n            Price: $11.00\n            \n            This Sonoran Dog is a non-veg item from our hotdogs menu.\n            Bacon-wrapped hotdog topped with pinto beans, onions, tomatoes, and mayonnaise.\n            It contains 620 calories and costs $11.00.', 'Category: Hotdogs\n            Item: Chili Cheese Dog\n            Description: A hearty hotdog smothered in beef chili and topped with melted cheddar cheese.\n            Type: Non-Veg\n            Calories: 680\n            Price: $10.50\n            \n            This Chili Cheese Dog is a non-veg item from our hotdogs menu.\n            A hearty hotdog smothered in beef chili and topped with melted cheddar cheese.\n            It contains 680 calories and costs $10.50.']","All‑beef hotdog topped with yellow mustard, chopped onions, relish, tomato slices, and a pickle.","The Chicago Dog comes with yellow mustard, chopped onions, relish, tomato slices, and a pickle.",1.0,0.9999999999,1.0,0.8058960754876777,1.0
Do you have any healthy meal options for someone who doesn't eat meat?,"['Category: Healthy Meals\n            Item: Chicken & Veggie Skewers\n            Description: Marinated chicken and mixed vegetable skewers, grilled and served with a yogurt dip.\n            Type: Non-Veg\n            Calories: 480\n            Price: $15.00\n            \n            This Chicken & Veggie Skewers is a non-veg item from our healthy meals menu.\n            Marinated chicken and mixed vegetable skewers, grilled and served with a yogurt dip.\n            It contains 480 calories and costs $15.00.', 'Category: Healthy Meals\n            Item: Grilled Salmon\n            Description: Grilled salmon fillet served with a side of steamed asparagus and brown rice.\n            Type: Non-Veg\n            Calories: 550\n            Price: $18.00\n            \n            This Grilled Salmon is a non-veg item from our healthy meals menu.\n            Grilled salmon fillet served with a side of steamed asparagus and brown rice.\n            It contains 550 calories and costs $18.00.', 'Category: Healthy Meals\n            Item: Buddha Bowl\n            Description: A colorful bowl of roasted sweet potatoes, black beans, avocado, and mixed greens.\n            Type: Veg\n            Calories: 520\n            Price: $13.50\n            \n            This Buddha Bowl is a veg item from our healthy meals menu.\n            A colorful bowl of roasted sweet potatoes, black beans, avocado, and mixed greens.\n            It contains 520 calories and costs $13.50.']","Yes! Our **Buddha Bowl** is a vegetarian, healthy‑meal option. It’s a colorful bowl of roasted sweet potatoes, black beans, avocado, and mixed greens, with 520 calories and priced at $13.50.","Yes, the healthy meal options that do not contain meat are the Quinoa Salad, Lentil Soup, and the Buddha Bowl.",1.0,0.3333333333,1.0,0.7427979509241277,0.0
